區域,景點,,地址,X,Y
千代田區,東京大神宮,," 2 Chome-4-1 Fujimi, Chiyoda, Tokyo 102-0071日本",35.699977,139.746724
,台所町跡,,,35.698608,139.75009
,靖國神社,,"3 Chome-1-1 Kudankita, Chiyoda, Tokyo 102-8246日本",35.694363,139.743849
,北之丸公園,,"日本〒102-0091 Tokyo, Chiyoda, Kitanomarukoen, １−1",35.691654,139.749978
,科學技術館,,"日本〒102-0091 Tokyo, Chiyoda, Kitanomarukoen, ２番１号",35.691877,139.753123
,近代美術館,," 3-1 Kitanomarukoen, Chiyoda, Tokyo 102-8322日本",35.690831,139.754664
,近代美術館工藝館,,"1-1 Kitanomarukoen, Chiyoda, Tokyo 102-0091日本",35.689948,139.750391
,清水門,," 1-1 Kitanomarukoen, 千代田区 Tokyo 102-0091日本",35.693038,139.752751
,田安門,,"〒102-0091, 2-5 Kitanomarukoen, Chiyoda, Tokyo, 日本",35.694318,139.749305
,日本武道館,," 2-3 Kitanomarukoen, Chiyoda, Tokyo 102-8321日本",35.693622,139.749842
,千鳥淵綠道,," 日本〒102-0074 Tokyo, 千代田区Kudanminami, 2 Chome−2−１１番地先",35.694388,139.747825
,大村益次郎像,,"〒102-0073, 2 Chome-1 Kudankita, Chiyoda, Tokyo 102-0073日本",35.695056,139.74636
,千鳥淵公園,,"Inner Circular Route, to, Japan, Chiyoda, Tokyo, 日本",35.689893,139.748599
,半藏門,,"1 Chome Kōjimachi, Chiyoda-ku, Tōkyō-to 102-0083日本",35.686477,139.741389
,清水谷公園,,"日本〒102-0094 Tokyo, 千代田区Kioicho, 2−1",35.681645,139.735858
,國立劇場,,"4-1 Hayabusacho, Chiyoda, Tokyo 102-8656日本",35.681842,139.743308
,江戶城跡石碑,,"日本〒100-8111 Tokyo, Chiyoda, 1−1",35.681868,139.745046
,憲政紀念館,,"1 Chome-1-1 Nagatacho, Chiyoda, Tokyo 100-0014日本",35.678339,139.747092
,日比谷公園,別名,"Hibiyakoen, 千代田区 Tokyo 100-0012日本",35.674517,139.756006
,日比谷公會堂,,"1-3 Hibiyakoen, Chiyoda, Tokyo 100-0012日本",35.671907,139.755695
,有樂町,," 2 Chome-7-1 Yurakucho, Chiyoda, Tokyo 100-0006日本",35.675215,139.76282
,帝國劇場,,"日本〒100-0005 Tokyo, Chiyoda, Marunouchi, 三丁目1番1号",35.676878,139.760704
,皇居外苑,,"日本〒100-8111 Tokyo, Chiyoda, 1−１",35.677268,139.758615
,KITTE,,,35.68007,139.764834
,Marunouchi Brick Square,,,35.679235,139.763079
,二重橋,正門石橋,,35.680496,139.753573
,皇居,,,35.685445,139.752799
,桔梗門,,,35.684334,139.758537
,江戶城跡,,,35.68803,139.7547
,吹上大宮御所,,,35.68669,139.748786
,千鳥淵砲台跡,千鳥ヶ淵砲台跡,,35.688515,139.747069
,宮中三殿,,,35.682156,139.749981
,GRANSTA,,,35.681631,139.766895
中央區,日之本帆布,,,35.682773,139.76636
,BAKE Cheese Tart,,,,
,銀の鈴,銀之鈴,,35.681424,139.76732
,茅乃舍,,,35.686414,139.774246
,Neustadt Brüder Gransta,,,35.681987,139.765491
,動輪廣場,動輪の広場,,35.681476,139.764959
,東京車站,,,35.681437,139.767062
,東京府廳舍跡,,,,
,土佐藩上屋敷跡,,,35.67779,139.764866
,幸運的仔豬,,,,
,八重洲中央口,,,35.681256,139.768699
,GALERIE 四季島,,,35.680858,139.768258
港區,ずんだ茶寮,,,35.559394,139.787284
新宿區,江戸川小學,,,,
,赤城神社,,,35.705115,139.736040
,新宿歷史博物館,,,35.690216,139.725395
,東京玩具美術館,,,35.689957,139.718060
,東京消防博物館,,,35.688441, 139.719864
,四谷須賀神社,,,35.685576, 139.722490
,新宿御苑,,,35.684802,139.711007
,新宿中央公園,,,35.690322, 139.689591
,戶山公園,,,35.707114,139.705505
,林芙美子紀念館,林芙美子,,35.716154,139.684315
,おとめ山公園,,,35.717992,139.701629
文京區,明治天皇行幸所木戸舊邸,,,35.734597, 139.750025
,富士前公園,,,35.732442,139.750951
,神明公園,,,35.731761,139.754034
,動坂公園,,,35.732167, 139.756484
,駒込天祖神社,,,35.730676,139.754761
,六義園,,,35.733252,139.746578
,諏訪山吉祥寺,吉祥寺,,35.728173, 139.754783
,德源院,,,35.345659,136.388130
,養源寺,,,35.116768,136.234840
,海藏寺,,,35.120148,135.926140
,蓮久寺,,,34.995917,135.748495
,白山神社,,,35.722193, 139.750660
,西信寺,,,35.731092,139.728685
,大塚公園,,,,
,大塚坂下町公園,,,35.725799, 139.726635
,新大塚公園,,,35.717726,139.733535
,関口三丁目公園,,,35.713222, 139.729361
,講談社野間紀念館,,,35.714233, 139.725007
,椿山莊庭園,,,35.712491, 139.726123
,関口芭蕉庵,,,35.712587, 139.723570
,永青文庫,,,35.713476, 139.723248
,白玉稲荷神社,,,35.712370,139.724584
,目白台,,文京區東京都 112-0015,,
,大井玄洞翁胸像,,,35.711070,139.730923
,小日向公園,,,35.712363,139.736969
,印刷博物館,,,35.709454,139.741538
,切支丹屋敷跡,,,35.713692, 139.738333
,播磨坂,,,35.717037, 139.742308
,小石川諏訪神社,,,35.707071, 139.745381
,後樂公園,,,35.705091, 139.747681
,上屋敷跡,,,35.702442,139.750728
,清和公園,,,35.710421, 139.754455
,樋口一葉菊坂舊居跡,,,35.709900, 139.755838
,東京大學綜合研究博物館,,,35.708849,139.761172
,戰爭博物館,,,,
,文京故鄉歷史館,,,35.708213,139.756629
,元町公園,,,35.702594,139.758039
,水道歷史館,,,35.703561,139.760475
,神田上水樋跡,,,35.702163,139.757022
,孔子像,,,35.700372, 139.766472
,湯島聖堂,,,35.701069, 139.766418
,大長坂,妻恋坂,,35.703573, 139.767377
,舊岩崎邸庭園,,,35.710030, 139.767226
,三四郎池,育徳園心字池,,35.712293, 139.762036
,東京大學,,,35.712921, 139.761925
,彌生美術館,,,35.715047,139.763416
,氣象台跡地,,,,
,舊伊勢屋質店,,,35.711017, 139.755513
,西教寺,,,35.717620, 139.758977
,夏目漱石,,,35.722088,139.758257
,島菌邸,,,,
,小石川植物園,,,35.719700, 139.746406
,善仁寺,,,35.711458,139.737393
,慈照院,,,35.720846,139.744987
,法傳寺,,,35.738914, 139.747234
,念速寺,,,35.715692,139.748021
,真珠院,,,35.713518,139.745321
,舊磯野家,,,35.719264,139.738284
,教育之森公園,,,35.720813, 139.738090
,千石綠地,,,35.726092,139.742920
品川區,畠山紀念館,,,35.632600, 139.726872
,林試之森公園,,"2 Chome Koyamadai, 品川区 Tokyo 142-0061日本",,
,武藏小山溫泉,,,35.620684,139.707557
,清水湯,,,,
,荏原南公園,,,35.611634, 139.703259
,品川歷史館,,,35.596995,139.730135
,貝塚遺跡庭園,,,35.593547,139.730205
,鈴森刑場,鈴ヶ森刑場跡,,35.592092, 139.736541
,品川水族館,,,35.591947, 139.737914
,大井境馬場,,,35.593905,139.744777
,井之頭恩賜公園,井の頭恩賜公園,,35.699395,139.574884
,餃洲運動公園,,,35.605565,139.744496
,四季劇場,,,35.611399,139.733258
,東品川海上公園,,,35.617140, 139.748995
,現代美術館,,,35.628530, 139.736279
目黑區,目黑區美術館,,,35.635059, 139.707679
,目黑寄生蟲館,,,35.631855, 139.706659
,碑文谷公園,,,35.627001,139.682152
,駒場公園,,,35.662141,139.6802
,駒場野公園,,,35.658689,139.680726
,西鄉山公園,,,35.650176,139.693908
,菅刈公園,,,35.650176,139.693908
,中目黑車站,,,35.645298,139.698845
,清水池公園,,,35.624681,139.692318
,中根公園,,,35.61318,139.677157
,東山公園,,,35.647599,139.685481
,衾町公園,,,35.623695,139.668025
,雀之宿綠地公園,,,,
,大鳥神社,,,35.632466,139.708119
,中目黑八幡神社,,,35.639719,139.699995
,上目黑氷川神社,,,35.653092,139.688146
,天祖神社,上目黒天祖神社,,35.639517,139.697306
,八雲冰川神社,,,35.619007,139.67103
,碑文谷八幡宮,,,35.617896,139.685854
,熊野神社,,,35.610903,139.668893
,烏森稻荷神社,,,35.643495,139.692712
,十日森神社,,,35.633606,139.68878
,目黑不動尊,瀧泉寺,,35.628927,139.708069
,祐天寺,,,35.637125,139.697049
,圓融寺,,,35.619824,139.689718
,五百羅漢寺,,,35.629122,139.709272
,田向公園,,"日本〒152-0003 Tokyo, Meguro, Himonya, 二丁目12番1号",,
,富士見台公園,,,35.613627,139.688202
大田區,しばざくらきんたろう公園,,,35.598685,139.682282
,大井埠頭中央海濱公園,,,35.593271,139.74881
,入新井西兒童交通公園　,,,35.585327,139.725997
,京濱島翼公園,,,35.57124,139.770456
,西六鄉公園,,,35.55353,139.711611
,輪胎公園,,,,
,平和森公園,,,35.583036,139.739493
,平和島公園,,,35.576212,139.743055
,池上本門寺公園,,,35.578763,139.704705
,森崎公園,,,35.249643,139.682595
,多摩川台公園,,,35.590296,139.666917
,大森故鄉濱邊公園,,,35.588726,139.727911
,大田區體育館,,,35.566395,139.728158
,大田體育場,,,35.566395,139.728158
,大田文化森林 ,,,,
,多摩川台公園古墳展示室,,,35.590404,139.666985
,鄉土博物館,,,35.588808,139.710621
,立山王會館,,,,
,龍子紀念館,,,35.582672,139.715346
,熊谷恆子紀念館,,,35.58622,139.710431
,山王草堂紀念館,,,35.59358,139.721036
,蘇峰公園,,,35.593591,139.720538
,昭和生活博物館,,,35.575449,139.685775
,赤毛のアン紀念館,,,,
,村岡花子文庫,,,,
,平和島溫泉,,,35.577598,139.719924
,池上本門寺,,,35.579259,139.705283
,池上梅園,,,35.580571,139.703197
,大森貝塚,,,35.590971,139.729124
,洗足池,,,35.601662,139.690825
,磨墨塚,,,,
,馬込文士村,,,35.585656,139.723491
,新井宿義民六人眾之墓,,,,
,善慶寺,,,35.584375,139.722055
,梅屋敷,,,35.567034,139.728257
,松竹映畫,蒲田攝影所,,35.561473,139.717749
,櫻坂,,,35.587882,139.675375
世田谷區,總合運動場,,,35.63394,139.612192
,千歲溫水游泳池,,,35.63394,139.612192
,砧公園,,,35.630607,139.620216
,世田谷美術館,,,35.632897,139.622167
,羽根木公園,,,35.65883,139.654518
,世田谷公園,,,35.64458,139.68115
,馬事公苑,,,35.638756,139.632263
,駒澤奧林匹克公園,,,35.627405,139.661889
,世田谷城址公園,,"日本〒154-0021 Tokyo, Setagaya, Gotokuji, 2 Chome−１４番１号",,
,世田谷代官屋敷,,,35.641548,139.647639
,等等力溪谷,,,35.604536,139.6462
,岡本民家園,,,35.622251,139.61794
,豪德寺,,,35.649008,139.647513
,九品佛淨真寺,,,35.608432,139.661281
,NHK放送技術研究所,,,35.635904,139.615788
,蘆花恆春園,,,35.660713,139.610996
,松陰神社,,,35.647104,139.656057
,世田谷文學館,,,35.667308,139.608973
澀谷區,刀劍博物館,,,35.681766,139.690681
,白根紀念澀谷區鄉土博物館,,,35.656604,139.712593
,白根紀念澀谷區鄉土文學館,,,35.656848,139.712625
,澀谷區立松濤美術館,,,35.658976,139.69182
,澀谷區立天文館,,,,
,明治神宮,,,35.676668,139.699272
,明治神宮御苑,,,35.673488,139.700175
,玉川上水第二綠道,,,35.670887,139.670015
,宮下公園,,,35.662917,139.701852
,山種美術館,,,35.65351,139.71381
,忠犬八公,,,35.659306,139.700569
,代代木公園,,,35.672433,139.694644
,竹下通,,,35.671855,139.703158
,惠比壽啤酒紀念館,,,35.643403,139.714529
,東鄉神社,,,35.671963,139.705569
,浮世繪太田紀念美術館,,,35.669666,139.704981
,東京大清真寺,,,35.6684,139.676567
,古賀政男音樂博物館,,,35.667983,139.680042
,代官山蔦屋書店,,,35.64908,139.699823
,NHK攝影棚公園,NHK放送中心,,35.665329,139.696747
,華達琉美術館,,,35.670952,139.713401
,代代木八幡宮,,,35.672192,139.688729
,清正井,,,35.674953,139.698715
,鳩森八幡神社,,,35.677977,139.709347
,駒場池,,,35.660553,139.688493
,菖蒲田,,,35.673828,139.698937
中野區,哲學堂公園,,"日本〒165-0024 Tokyo, 中野区Matsugaoka, 1−34−28",35.722491,139.674021
,新井藥師梅照院,," 5 Chome-3-5 Arai, 中野区 Tokyo 165-0026日本",35.714526,139.667907
,新井藥師公園,,"5-4 Arai, Nakano, Tokyo 165-0026日本",35.714961,139.667544
,山崎紀念歷史民族資料館,,"4 Chome-3-4 Egota, Nakano, Tokyo 165-0022日本",35.724576,139.665073
,城山公園,," 1 Chome-44 Nakano, Tokyo 164-0001日本",35.704517,139.67442
,榮町公園,,"4 Chome-20 Yayoicho, Nakano, Tokyo 164-0013日本",35.687054,139.671284
,谷戶運動公園,,"1 Chome-31 Nakano, Tokyo 164-0001日本",35.703164,139.674932
,東京黎明,,"日本〒164-0003 Tokyo, Nakano, Higashinakano, ２ 丁目１０−１３",35.707514,139.66381
,中野の犬屋敷,,"4 Chome-8-1 Nakano, Tokyo 164-0001日本",35.70761,139.663757
,四聖堂,,"1 Chome-34-28 Matsugaoka, Nakano, Tokyo 165-0024日本",35.722491,139.673989
,江原公園,,"〒165-0023, 1 Chome-15-18 Eharacho, Nakano, Tokyo, 日本",35.729836,139.674755
,上鷺東公園,,"〒165-0031, 1 Chome-21-12 Kamisaginomiya, Nakano, Tokyo 165-0031日本",35.730134,139.6347
,東央西公園,,"日本〒164-0011 Tokyo, 中野区Chuo, 五丁目27番",35.699469,139.663824
,南台公園,," 〒164-0014, 5 Chome-8-12 Minamidai, Nakano, Tokyo 164-0014日本",,
,六賢台,,"〒165-0024, 1 Chome-34-28 Matsugaoka, Nakano, Tokyo 165-0024日本",35.722677,139.673575
,三重塔跡,,"1 Chome-41 Chuo, Nakano, Tokyo 164-0011日本",35.699266,139.683637
,神田川歌碑,," 1 Chome-13-9 Chuo, Nakano, Tokyo 164-0011日本",35.701723,139.687356
,墓場の畫廊,,"日本〒164-0001 Tokyo, Nakano, 5 Chome−52−15, 中野ブロードウェイ",35.709927,139.665825
杉並區,和田堀公園,,"2 Chome Omiya, 杉並区 Tokyo 168-0061日本",35.688591,139.647893
,動畫博物館,,"日本〒167-0043 Tokyo, Suginami, Kamiogi, 3 Chome−29−5",35.710978,139.607761
,玉川上水,,"〒168-0082, 1 Chome-1-33 Kugayama, Suginami, Tokyo 168-0082日本",35.685331,139.604145
,大宮八幡宮,,"2 Chome-3-1 Omiya, Suginami, Tokyo 168-0061日本",35.68266,139.639728
,阿佐穀神明宮,,"日本〒166-0001 Tokyo, Suginami, Asagayakita, 1−25−5",35.707774,139.636967
,井草公園,,"日本〒167-0021 Tokyo, Suginami, Igusa, 4 Chome−１２−１",35.728339,139.61876
,馬橋公園,,"4 Chome-35-5 Koenjikita, Suginami, Tokyo 166-0002日本",35.710312,139.643687
,妙正寺,,"日本〒167-0033 Tokyo, Suginami, Shimizu, 3 Chome−21番21号",35.716193,139.617856
,氣象神社,,"4 Chome-44-19 Koenjiminami, Suginami, Tokyo 166-0003日本",35.704972,139.651048
,角川庭園,,"3 Chome-14-22 Ogikubo, Suginami, Tokyo 167-0051日本","35.698930,",139.62446
,,,,,,
豐島區,東長崎,,,35.730928,139.683049
,千川,,,35.73945,139.689601
,椎名町,,,35.727385,139.695868
,要町,,,35.733484,139.698506
,目白,,,35.722215,139.706532
,池袋,,,35.730268,139.711054
,學習院下,,,35.71731,139.712507
,雜司谷站,,,35.721236,139.714708
,都電雜司谷,,,35.724899,139.717667
,東池袋,,,35.726744,139.718894
,東池袋四丁目,,,35.725448,139.721225
,向原,,,35.728791,139.724744
,大塚,,,35.732284,139.728167
,大塚站前,,,"35.731726

",139.729218
,巢鴨新田,,,35.736653,139.729443
,庚申塚,,,35.740694,139.729357
,新庚申塚,,,35.74254,139.730387
,西原四丁目,,,35.745396,139.732404
,巢鴨,,,35.734594,139.739542
,駒込,,,35.73836,139.746717
,鬼子母神前,,,35.722395,139.715172
,新大塚,,,35.727017,139.729732
,南長崎花咲公園,,,35.72552,139.686228
,目白の森,,,35.723676,139.698947
,千早緑地公園,,,35.73509,139.689002
,南池袋公園,,,35.729045,139.714095
,東京染井温泉 SAKURA,,,35.738869,139.739157
,染井霊園,,,35.740506,139.736969
,サンシャイン水族館,,,35.730868,139.719652
,東長崎東急ストア,,,35.731181,139.683293
,ライフ新大塚店,,,35.726346,139.73426
,マルエツプチ 雑司が谷二丁目店,,,35.718034,139.715928
北區,浮間舟渡,,,35.791265,139.691347
,北赤羽,,,35.787637,139.704697
,赤羽,,,35.77771,139.720895
,東十條,,,35.765004,139.726227
,十條,,,35.760259,139.722267
,王子神谷,,,35.765443,139.735624
,志茂,,,35.778429,139.732232
,赤羽岩淵,,,35.78351,139.721811
,王子站前,,,35.753003,139.738049
,王子,,,35.752308,139.738231
,飛鳥山,,,35.750119,139.737348
,瀧野川一丁目,,,35.747289,139.735405
,田端,,,35.738376,139.760745
,上中里,,,35.746581,139.746956
,尾久駅,,,35.746822,139.753869
,梶原,,,35.751074,139.747274
,榮町,,,35.750878,139.742182
,浮間一丁目緑地,,,35.789889,139.702364
,赤羽台公園,,,35.781924,139.714884
,赤羽緑道公園,,,35.781852,139.716216
,桐ケ丘中央公園,,,35.779743,139.711804
,桐ヶ丘公園,,,35.777443,139.707623
,清水坂公園,,,35.768507,139.721409
,北区自然ふれあい情報館,,,35.769061,139.721242
,十条野鳥の森緑地,,,35.759999,139.724743
,北区中央公園,,,35.754082,139.727403
,音無くぬぎ緑地,,,35.751154,139.723747
,神谷堀公園,,,35.767581,139.736761
,舊古河庭園,,,35.743113,139.7467
,カズン 浮間店,,,35.788647,139.696812
,ファッションセンターしまむら 浮間店,,,35.789489,139.703275
,オーケー北赤羽店,,,35.784159,139.697905
,ライフアクトピア北赤羽店,,,35.786104,139.709071
,マルエツ 赤羽台店,,,35.777321,139.713411
,サンクス 北区赤羽西四丁目店,,,35.774892,139.716975
,ショッピングセンター ビビオ,,,35.777877,139.719417
,ブックスページワン イトーヨーカドー 赤羽店,,,35.777157,139.719208
,アミカ赤羽西口店,,,35.775315,139.72025
,ローソン 赤羽稲付店,,,35.774153,139.720961
,トップパルケ 田端銀座店,,,35.736025,", 139.753058"
,ダイエー 赤羽店 AEON FOOD STYLE by daiei,,,35.778936,139.725212
,西蓮寺,,,35.781994,139.733259
,王子稻荷神社,,,"35.756122, 139.73336",139.73336
,王子神社,,,35.753379,139.735881
,北区役所 荒川治水資料館,,,35.78561,139.730117
板橋區,成增,,,35.777753,139.632769
,地下鉄成増駅,,,35.776713,139.631183
,下赤塚,,,35.770495,139.644882
,東武練馬,,,35.768685,139.662383
,上板橋,,,"35.763629

",139.676187
,ときわ台駅,,,35.758768,139.689144
,中板橋,,,35.756154,139.694627
,大山駅,,,35.748346,139.702633
,板橋,,,"35.745754

",139.719762
,西高島平,,,35.79189,139.645858
,新高島平,,,35.790257,139.6543
,高島平,,,35.788935,139.661257
,西台站,,,35.787082,139.672798
,蓮根,,,35.784213,139.679012
,志村三丁目,,,35.777541,139.686077
,本蓮沼,,,35.768837,139.702178
,志村坂上,,,35.775842,139.69535
,板橋本町,,,35.761274,139.705527
,板橋區役所前,,,35.751303,139.71002
,新板橋,,,35.748982,139.720927
,板橋區立 熱帶環境植物館,,,35.791941,139.664097
,舟渡水辺公園,,,35.792338,139.673215
,赤塚植物園,,,35.780936,139.644518
,水車公園,,,35.777652,139.652086
,西台公園,,,35.774154,139.672729
,小豆沢公園,,,35.778598,139.697943
,こども動物園 本園,,,35.754238,139.712797
,ウエルシア薬局 板橋赤塚店,,,35.77349,139.646404
,イオン板橋ショッピングセンター,,,35.769994,139.660662
,コモディイイダ 徳丸店,,,35.772044,139.668205
,アコレ西台３丁目店,,,35.77315,139.669988
,ケーヨーデイツー高島平店,,,35.789988,139.667104
,アコレ 蓮根店,,,35.785905,139.679361
,アコレ 板橋幸町店,,,35.742907,139.69828
,アコレ 小竹向原店,,,35.742495,139.680972
,まいばすけっと 大山金井町,,,35.747435,139.704196
,サミットストア 板橋弥生町店,,,35.751907,139.695935
,源後成法観音堂,,,35.782447,139.648778
,南蔵院,,,35.770835,139.701555
,安養院,,,35.754226,139.67983
,板橋區立美術館,,,35.784222,139.64449
,平尾追分,,,35.749708,139.714096
,弾道検査管の標的,,,35.753029,139.71959
,板橋区立文化会館,,,35.749589,139.70456
,空襲犠牲者供養の地蔵,,,35.744831,139.706644
,植村冒険館,,,35.7827,139.676831
練馬區,武藏關,,,"35.727646

",139.57635
,上石神井,,,35.726225,139.592275
,大泉學園,,,35.749608,139.586352
,石神井公園,,,35.743672,139.606539
,練馬高野台,,,35.740596,139.616927
,富士見台,,,35.735702,139.629605
,中村橋,,,35.73684,139.637952
,練馬,,,35.737849,139.653908
,櫻台,,,35.73873,139.662384
,江古田,,,35.737531,139.672737
,光丘,,,35.758485,139.628927
,練馬春日町,,,35.751202,139.640584
,豐島園,,,35.742096,139.649192
,新櫻台,,,35.741165,139.668737
,池淵史跡公園,,,35.737667,139.60051
,和田堀緑地,,,35.74052,139.607735
,梨の木緑地,,,35.74716,139.596878
,大泉交通公園,,,35.753061,139.572132
,稲荷山憩いの森,,,35.766422,139.61141
,清水山憩いの森,,,35.765044,139.60786
,光丘公園,,,35.766814,139.62992
,田柄梅林公園,,,35.755261,139.632589
,夏の雲公園,,,35.754648,139.628726
,高稲荷公園,,,35.748862,139.658823
,こどもの森,,,35.748811,139.672666
,江古田浅間神社,,,35.738309,139.672381
,唐澤博物館,,,35.733061,139.66257
,としまえん,,,35.743689,139.645283
,練馬文化センター,,,35.739416,139.653748
,T.ジョイSEIBU大泉,,,35.752508,139.594968
,ちひろ美術館・東京,,,35.728486,139.605067
,いなげや 練馬南大泉店,,,35.737158,139.57645
,オザキフラワーパーク,,,35.732247,139.58283
,ジェーソン 練馬石神井台店,,,35.732195,139.584472
,ライフ石神井台店,,,35.733834,139.590166
,ライフ西大泉店,,,35.756374,139.579371
,スーパーバリュー 練馬大泉店,,,35.757825,139.596202
,リヴィンオズ大泉店,,,35.752374,139.595689
,サミットストア 大泉学園店,,,35.773689,139.585746
,ライフ土支田店,,,35.764524,139.612081
,しまむら 高松店,,,35.750221,139.624619
,業務スーパー練馬店,,,35.751087,139.627295
,光が丘IMA,,,35.759787,139.628295
,タウン・ドイト豊玉中店,,,35.732483,139.657085
,サミットストア氷川台駅前店,,,35.748746,139.66638
,ドン・キホーテ練馬店,,,35.763933,139.663725
台東區,日暮里,,,35.728227,139.770704
,京成上野,,,35.711252,139.773532
,鶯谷,,,35.721494,139.778005
,上野,,,35.712512,139.776123
,御徒町,,,35.707696,139.774806
,上野広小路駅,,,35.707924,139.773072
,稻荷町,,,35.7114,139.782199
,田原町,,,35.709819,139.790747
,淺草,,,35.710721,139.797665
,浅草駅,,,"35.714044

",139.792427
,淺草橋,,,35.69744,139.78445
,藏前,,,35.703102,139.790788
,湯島,,,35.706846,139.769995
,入谷,,,35.720568,139.784456
,仲御徒町站,,,35.706687,139.776202
,上野動物園,,,35.716527,139.771353
,不忍池,,,35.711006,139.770051
,舊岩崎家宅邸庭園,,,35.709764,139.767204
,上野公園,,,35.714101,139.774088
,古蹟澡堂 燕湯,,,35.705497,139.772891
,不忍池弁天堂,,,35.712138,139.771087
,全生庵,,,35.724106,139.766674
,天王寺,,,35.726623,139.771371
,清水觀音堂,,,35.712557,139.773533
,東照宮,,,35.715403,139.770643
,花園稲荷神社,,,35.713777,139.772355
,寬永寺,,,35.721892,139.774587
,東京合羽橋商店街振興組合,,,35.716344,139.788721
,合羽橋道具街,,,35.714508,139.788857
,淺草寺,,,"35.714821

",139.796681
,淺草神社,,,35.715098,139.797453
,鷲神社,,,35.722533,139.791954
,吉原神社,,,35.722806,139.793328
,今戶神社,,,35.71934,139.803539
,鳥越神社,,,35.702073,139.785537
,"銀杏岡八幡神社
",,,35.698091,139.785718
,下町風俗資料館,,,35.710259,139.772732
,上野大佛,,,35.714492,139.77294
,スカイザバスハウス,,,35.72178,139.770495
,朝倉彫塑館,,,35.726925,139.768538
,上野之森美術館,,,35.71299,139.774765
,国立西洋美術館,,,35.715481,139.775795
,国立科学博物館,,,35.716387,139.776396
,東京都美術館,,,35.717241,139.772834
,東京国立博物館表慶館,,,35.718659,139.775255
,台東区立書道博物館,,,35.724758,139.776477
,TODAYS GALLERY STUDIO,,,35.701523,139.783624
,淺草寺 寶藏門,,,35.714003,139.79664
,淺草花屋敷,,,35.715401,139.794064
,浅草演芸ホール,,,35.713511,139.793026
,浅草ロック座,,,35.714172,139.793193
,東京都立産業貿易センター台東館,,,35.714438,139.798753
,隅田川ライン,,,35.71077,139.798482
,一葉記念館,,,35.725584,139.792808
,スーパーヤマザキ 三筋店,,,35.705564,139.787365
,【浅草橋本店】包装用品のシモジマ,,,35.698143,139.78654
,阿美橫丁,,,35.71137,139.774588
,上野マルイ,,,35.710808,139.775795
,アメ横市場,,,35.710348,139.774541
,AbAb,,,35.709469,139.773902
,浅草ROX,,,35.712916,139.792797
墨田區,鐘淵,,,35.733461,139.820025
,東向島,,,35.724345,139.819338
,曳舟,,,35.718362,139.816646
,八廣,,,35.727659,139.828759
,京成曳舟,,,35.718395,139.819937
,とうきょうスカイツリー駅,,,35.710277,139.808663
,押上,,,35.710377,139.813292
,本所吾妻橋,,,35.708619,139.804573
,錦糸町站,,,35.696926,139.814323
,両国駅,,,35.696783,139.797458
,兩國,,,35.695911,139.793288
,小村井,,,35.710329,139.827621
,菊川,,,35.688329,139.806344
,東吾嬬,,,35.707301,139.831635
,東白鬚公園,,,35.733692,139.814077
,向島百花園,,,35.724241,139.815595
,隅田公園,,,35.712511,139.80397
,大横川親水公園,,,35.70034,139.808412
,横網町公園,,,35.69975,139.796417
,旧安田庭園,,,35.698357,139.793867
,本所松坂町公園(吉良上野介邸跡）,,,35.693349,139.794312
,両国公園,,,35.693675,139.795968
,錦糸公園,,,35.699382,139.817161
,わんぱく天国,,,35.709328,139.817548
,京島南公園,,,35.713067,139.822123
,東武博物館,,,35.7235,139.81903
,アサヒビールタワー,,,35.710121,139.800696
,たばこと塩の博物館,,,35.705756,139.808548
,すみだ北斎美術館,,,35.696404,139.800531
,江戶東京博物館,,,35.696603,139.795713
,東京スカイツリー,,,35.710116,139.810703
,十間橋,,,35.708261,139.818054
,東向島白鬚神社,,,35.725312,139.81311
,弘福寺,,,35.717231,139.809039
,高木神社,,,35.714772,139.815224
,江島杉山神社,,,35.691368,139.792722
,回向院,,,35.693311,139.792006
,隅田稲荷神社,,,35.73164,139.824142
,志満ん草餅,,,35.723197,139.812331
,吉備子屋,,,35.723475,139.812811
,言問団子,,,35.718555,139.809151
,青柳正家,,,35.715789,139.808601
,麸澤（有）,,,35.715812,139.809536
,サミットストア 両国石原店,,,35.701671,139.798844
,丸井錦糸町店,,,35.695076,139.813782
,眼鏡市場 オリナス錦糸町店,,,35.700889,139.816049
,オリナス,,,35.700593,139.81722
,オリンピック 墨田文花店,,,35.706799,139.823674
,スーパーベルクス 東墨田店,,,35.719555,139.830946
荒川區,荒川車庫前,,,35.750913,139.752851
,荒川遊園地前,,,35.750666,139.757549
,小台,,,35.750488,139.761735
,宮之前,,,35.749817,139.766183
,熊野前,,,35.748527,139.769789
,赤土小學校前,,,35.742876,139.769042
,東尾久三丁目,,,35.745659,139.773873
,町屋二丁目,,,35.743932,139.77643
,町屋站前,,,35.742795,139.780883
,町屋,,,35.742237,139.781383
,新三河島,,,35.737307,139.774104
,三河島,,,35.733277,139.778457
,西日暮里,,,35.732019,139.76689
,日暮里,,,35.728201,139.77062
,荒川七丁目,,,35.741977,139.784157
,荒川二丁目,,,35.738571,139.784705
,荒川區役所前,,,35.734921,139.786413
,荒川一中前,,,35.733767,139.788844
,三之輪橋,,,35.732208,139.791512
,南千住,,,35.733342,139.799078
,都立尾久の原公園,,,35.74988,139.775674
,西日暮里公園,,,35.731607,139.766534
,日暮里南公園,,,35.726882,139.776853
,荒川公園,,,35.735622,139.783854
,荒川自然公園,,,35.740715,139.785561
,三河島公園,,,35.737371,139.785656
,天王公園,,,35.738358,139.795102
,汐入公園,,,35.736556,139.809264
,尾久八幡神社,,,35.750544,139.765061
,経王寺,,,35.728349,139.768732
,スーパーバリュー 西尾久店,,,35.749204,139.758383
,オリンピック 西尾久店,,,35.7447,139.759872
,キャンドウ 東尾久店,,,35.745582,139.767916
,ドン・キホーテ 町屋店,,,35.752292,139.78666
,キャンドゥ 新三河島店,,,35.738073,139.772546
,いなげや 荒川西日暮里店,,,35.732008,139.773498
,日暮里繊維街,,,35.728861,139.776036
,Your Petia 三ノ輪店,,,35.730724,139.788876
,スーパーバリュー 荒川一丁目店,,,35.73697,139.785012
,べるぽーと汐入東館,,,35.737676,139.807955
,LaLaテラス南千住,,,35.735502,139.801451
,ロイヤルホームセンター 南千住店,,,35.734608,139.801739
,あらかわ遊園,,,35.753764,139.758464
,富士見坂,,,35.72968,139.766704
,谷中銀座,,,35.727675,139.766791
,サンパール荒川,,,35.73526,139.785119
足立區,見沼代親水公園,,,35.814533,139.77067
,舍人,,,35.805708,139.770061
,舍人公園,,,35.79642,139.770115
,谷在家,,,35.788791,139.770033
,西新井大師西,,,35.781471,139.770097
,竹之塚,,,35.794431,139.790777
,大師前,,,35.778932,139.781669
,六町,,,35.784448,139.821724
,江北,,,35.773907,139.770275
,高野（東京）,,,35.768455,139.770692
,扇大橋,,,35.76394,139.770758
,西新井,,,35.777187,139.790425
,梅島,,,35.772317,139.798062
,六町,,,35.784446,139.821712
,五反野,,,35.765877,139.809619
,青井,,,35.772568,139.820369
,小菅,,,35.758624,139.812648
,北綾瀨,,,35.776872,139.832117
,綾瀨,,,35.762231,139.824948
,足立小台,,,35.754624,139.770402
,北千住車站,,,35.749735,139.804704
,千住大橋,,,35.742374,139.797259
,牛田（東京）,,,35.744507,139.811468
,京成關屋,,,35.743928,139.81184
,堀切,,,35.743319,139.81765
,マルエツ 足立入谷店,,,35.805493,139.765929
,西友 加賀鹿浜店,,,35.788996,139.760462
,ケーヨーデイツー鹿浜店,,,35.785982,139.761155
,コモディイイダ 鹿浜店,,,35.784141,139.764826
,ジャパン 鹿浜店,,,35.780301,139.756043
,ベルクス足立古千谷店,,,35.807259,139.774273
,ジェーソン足立谷在家店,,,35.785214,139.772839
,㈱土屋鞄製造所,,,35.780748,139.771194
,肉のハナマサ 西新井店,,,35.778451,139.771888
,マルエツ 西新井店,,,35.785187,139.78241
,ヨークマート 栗原店,,,35.785633,139.785485
,ライフ扇大橋駅前店,,,35.764496,139.770122
,大江戸 本店,,,35.761673,139.76745
,ライフ江北駅前店,,,35.77463,139.771269
,アリオ西新井,,,35.774755,139.785973
,ワークマン 足立尾久橋通り店,,,35.766656,139.771169
,ビッグ･エー足立西新井本町店,,,35.772564,139.776899
,株式会社さんよう,,,35.801124,139.797743
,イトーヨーカドー 竹の塚店,,,35.795483,139.795246
,マックスバリュ・竹の塚店,,,35.793737,139.796444
,ドン・キホーテ竹の塚店,,,35.794821,139.794409
,西友足立島根店,,,35.780712,139.79737
,イオン西新井店,,,35.777639,139.791252
,ベルクス 足立花畑中央店,,,35.807112,139.811264
,業務スーパー 花畑店,,,35.799666,139.809824
,オリンピック 保木間店,,,35.790058,139.81667
,ベルクス 足立南花畑店,,,35.789243,139.819073
,ヤマダ電機 テックランド足立店,,,35.782479,139.803434
,MEGAドン・キホーテ 環七梅島店,,,35.778429,139.805055
,西友 青井店,,,35.77022,139.817044
,サミットストア五反野店,,,35.76737,139.808884
,ＡＢＳ東京流通卸売センター足立店,,,35.767657,139.80415
,ライフ六町駅前店,,,35.785623,139.822299
,ビバホーム足立神明店,,,35.793573,139.834344
,"ベニースーパー佐野店
",,,35.788757,139.837711
,ベルクス 足立加平店,,,35.778548,139.828733
,コジマ×ビックカメラ 足立加平店,,,35.777942,139.828812
,しまむら 加平店,,,35.778797,139.825971
,島忠・大谷田店,,,35.779271,139.839061
,バイク用品店 ナップス足立店,,,35.774692,139.825449
,西友 北綾瀬店,,,35.775824,139.836064
,アリオ亀有,,,35.764501,139.852645
,ライフ葛飾白鳥店,,,35.753532,139.844539
,ビッグ・エー 葛飾西亀有店,,,35.758689,139.84303
,ドン・キホーテ青戸店,,,35.746772,139.846305
,グルメシティ 千住曙町店,,,35.743455,139.8129
,足立市場,,,35.740843,139.799038
,ポンテポルタ千住,,,35.742356,139.795386
,北千住マルイ,,,35.75083,139.804622
,北鹿浜公園,,,35.782362,139.754227
,白旗塚史跡公園,,,35.801135,139.792656
,THE SPA 西新井,,,35.774907,139.789909
,ベルモント公園,,,35.77471,139.799006
,花畑公園,,,35.806066,139.807973
,足立区生物園,,,"35.792493,",139.807219
,一ツ家第一公園,,,35.780778,139.818679
,青和ばら公園,,,"35.771728

",139.818434
,荒川千住新橋緑地,,,35.759373,139.806384
,大谷田公園,,,35.778855,139.837712
,大谷田温泉 明神の湯,,,35.777901,139.847725
,中川公園,,,35.774764,139.845452
,東綾瀬公園,,,35.770229,139.832505
,新田さくら公園,,,35.768214,139.746162
,荒川西新井橋緑地,,,35.760317,139.792047
,千住ほんちょう公園,,,35.752718,139.803895
,柳原千草園,,,35.745487,139.81461
,西新井大師 總持寺,,,35.780281,139.779987
,鷲神社,,,35.785111,139.796926
,花畑大鷲神社,,,35.809379,139.820271
,千住本氷川神社,,,35.752596,139.802264
,ギャラクシティ,,,35.779763,139.790497
,足立区立郷土博物館,,,35.784462,139.841496
葛飾區,龜有,,,35.766567,139.847516
,青砥,,,35.745865,139.856256
,御花茶屋,,,35.747623,139.840103
,堀切菖蒲園,,,35.747633,139.827534
,京成立石,,,35.738166,139.84812
,四木,,,35.731841,139.834901
,金町站,,,35.769548,139.870459
,京成金町,,,35.768634,139.870418
,柴又,,,35.756746,139.875487
,京成高砂,,,35.75089,139.866589
,新柴又,,,35.751063,139.879395
,新小岩,,,35.716913,139.857827
,亀有公園,,,35.767857,139.848465
,亀有リリオパーク,,,35.766068,139.847169
,曳舟川親水公園,,,35.748894,139.840788
,上千葉砂原公園,,,35.757685,139.841836
,青戸平和公園,,,35.749517,139.85149
,堀切水辺公園,,,35.740435,139.82447
,堀切菖蒲園,,,35.7424,139.826104
,渋江公園,,,35.735816,139.843038
,東立石緑地公園,,,35.73234,139.853103
,水元公園,,,35.786435,139.869242
,"葛飾にいじゅくみらい公園
",,,35.770649,139.862606
,"新宿交通公園
",,,35.760875,139.86499
,柴又公園,,,35.756908,139.882422
,北沼交通公園,,,35.737218,139.86628
,新小岩公園,,,35.716148,139.854745
,立石熊野神社,,,35.740169,139.858087
,しばられ地蔵 南蔵院,,,35.779458,139.870893
,葛西神社,,,35.771475,139.878651
,柴又帝釋天（經榮山 題經寺）,,,"35.758323
",139.877991
,山本亭,,,35.758042,139.880099
,寅さん記念館,,,35.757156,139.880499
,かつしかシンフォニーヒルズ,,,35.742477,139.852334
,フーテンの寅像,,,35.756947,139.875671
,肉のハナマサ お花茶屋店,,,35.749363,139.837346
,ビッグ・エー 葛飾西亀有店,,,35.758704,139.842999
,アリオ亀有,,,35.764497,139.852656
,ジェーソン葛飾白鳥店,,,35.75385,139.846714
,ライフ葛飾白鳥店,,,35.753506,139.84456
,旬鮮食品館 カズン お花茶屋店,,,35.745396,139.840815
,いなげや お花茶屋店,,,35.746317,139.84338
,イトーヨーカドー 四つ木店,,,35.737214,139.838578
,サミットストア 葛飾区役所前店,,,35.741733,139.846067
,ライフ水元店,,,35.787346,139.856723
,イトーヨーカドー 金町店,,,35.770157,139.867534
,東急ストア 金町,,,35.77047,139.870399
,西友 葛飾新宿店,,,35.76324,139.861273
,グルメシティ 柴又店,,,35.759202,139.867922
,イトーヨーカドー 高砂店,,,35.750684,139.868781
,ピカソ 新小岩店,,,35.715658,139.858044
,友 新小岩店,,,35.71613,139.857478
,ライフ奥戸店,,,35.730665,139.862708
,ビバホーム 奥戸街道店,,,35.736396,139.856663
江戶川區,平井站,,,35.706354,139.842232
,京成小岩,,,35.742235,139.88362
,江戶川,,,35.737746,139.896212
,小岩,,,35.733121,139.881612
,篠崎,,,35.706112,139.903872
,瑞江,,,35.693263,139.897671
,一之江,,,35.685953,139.882973
,船堀,,,35.683813,139.863938
,葛西,,,35.663591,139.872906
,西葛西,,,35.664575,139.859197
,葛西臨海公園,,,35.644391,139.861582
,都立大島小松川公園滑り台,,,35.691742,139.850157
,大島小松川公園,,,35.692533,139.846736
,篠崎公園,,,35.715305,139.897979
,篠崎公園 B地区,,,35.708316,139.896188
,今井児童交通公園,,,35.680621,139.887285
,ボートレース江戸川,,,35.692515,139.86144
,東京健康ランド まねきの湯,,,35.686858,139.861546
,宇喜田公園,,,35.674399,139.860506
,江戸川区自然動物園,,,35.671085,139.8584
,新左近川親水公園,,,35.653848,139.857299
,葛西臨海公園,,,35.642331,139.860271
,富士公園,,,35.648705,139.878313
,荒川ロックゲート,,,35.683042,139.847525
,春花園 盆栽美術館,,,35.702624,139.888351
,地下鉄博物館,,,35.663539,139.873778
,葛西臨海水族園,,,35.640178,139.862133
,篠崎浅間神社,,,35.714939,139.901947
,ダイヤと花の大観覧車,,,35.644077,139.857045
,ファッションセンターしまむら平井店,,,35.716809,139.835991
,西友平井店,,,35.706679,139.841618
,島忠・ホームズ平井店,,,"35.703928
",139.836042
,ライフ 西小岩店,,,35.736966,139.879268
,サミットストア 西小岩店,,,35.740732,139.87709
,いなげや 江戸川春江店,,,35.698395,139.890192
,コモディイイダ 西瑞江店,,,35.690047,139.892428
,河内屋酒販 瑞江店,,,35.696227,139.894211
,ヤマイチ 今井店,,,35.687022,139.893161
,イオン葛西店,,,35.669283,139.858443
,ドン・キホーテ 葛西店,,,35.669439,139.863765
,ヤマダ電機 テックランドNew葛西店,,,35.667783,139.866285
,ワイズマート 中葛西店,,,35.66548,139.865198
,島忠ホームズ 葛西店,,,35.654014,139.882593
,イトーヨーカドー アリオ葛西店,,,35.652611,139.881821
,西友 南葛西店,,,35.645934,139.872324
江東區,森下（東京）,,,35.688085,139.79823
,住吉駅,,,35.688792,139.815748
,清澄白河駅,,,35.682269,139.798774
,龜戶水神,,,35.699892,139.833367
,亀戸,,,35.697355,139.826566
,越中島,,,35.667979,139.792656
,東大島,,,35.68994,139.847519
,大島（東京）,,,35.689751,139.834333
,西大島,,,35.689199,139.826025
,南砂町,,,35.668434,139.831733
,森下（東京）,,,35.688058,139.798221
,東陽町,,,35.669588,139.818861
,木場（東京）,,,35.669437,139.806465
,門前仲町,,,35.671837,139.796059
,市場前,,,35.645567,139.785634
,新豐洲,,,35.648761,139.790135
,豐洲,,,35.653761,139.795351
,潮見,,,35.6589,139.81716
,東京電訊,,,35.627587,139.778794
,船科學館,,,"35.621363


",139.773076
,電信中心,,,35.617582,139.779416
,青海,,,35.624758,139.781165
,國際展示場正門,,,35.630285,139.791476
,有明（東京,,,35.634562,139.793366
,東雲（東京）,,,35.640724,139.80357
,辰巳,,,35.645842,139.810323
,新木場,,,35.645926,139.826711
,コーナン 江東深川店,,,35.678116,139.795918
,業務スーパー 河内屋酒販 亀戸店,,,35.700128,139.823124
,アトレ亀戸,,,35.697673,139.826347
,マルエツ 清澄白河店,,,35.682402,139.80758
,ヤマダ電機 ヤマダアウトレット南砂店,,,35.675455,139.825399
,西友東陽町店,,,35.672399,139.819403
,深川ギャザリア,,,35.667362,139.804015
,豊洲フォレシア,,,35.657554,139.795008
,アーバンドック ららぽーと豊洲,,,35.655873,139.792563
,ダイバーシティ東京 プラザ,,,35.625055,139.775456
,ヴィーナスフォート,,,35.624895,139.779932
,ニトリ 南砂店,,,35.672183,139.826825
,ダイエー 東大島店,,,35.690713,139.842848
,アリオ北砂,,,35.682588,139.825788
,スナモ,,,35.665155,139.835159
,デックス東京ビーチ,,,35.629103,139.775926
,アクアシティお台場,,,35.627823,139.77357
,ヨークマート 東砂店,,,35.684943,139.840653
,清澄庭園,,,35.68072,139.797806
,猿江恩賜公園,,,35.690575,139.818717
,木場公園,,,35.676789,139.807545
,木場公園都市緑化植物園,,,35.672993,139.807165
,大島小松川公園,,,35.692526,139.846684
,猿江恩賜公園,,,35.635598,139.787014
,東京臨海廣域防災公園,,,35.634918,139.796216
,ウエストプロムナード,,,35.62351,139.774855
,都立潮風公,,,35.624019,139.768834
,お台場海浜公園,,,35.630784,139.776065
,お台場 大江戸温泉物語,,,35.615514,139.777487
,暁ふ頭公園,,,35.608197,139.791299
,辰巳の森海浜公園,,,35.64855,139.815715
,夢之島公園,,,35.651359,139.827931
,東京夢の島マリーナ,,,35.652155,139.831231
,若洲海浜公園,,,35.622303,139.837268
,Museum of Contemporary Art Tokyo,,,35.679757,139.808055
,深川江戸資料館,,,35.681215,139.800593
,江東区文化センター,,,35.672561,139.81863
,がすてなーに,,,35.651859,139.792343
,豊洲PIT,,,35.64961,139.788357
,IHIステージアラウンド東京,,,35.647469,139.785105
,台場公園,,,35.633631,139.772084
,自由女神像,,,35.627858,139.771823
,日本科學未來館,,,35.619287,139.776763
,東京國際展示場,,,35.629893,139.794243
,パナソニックセンター東京,,,35.633087,139.790493
,国際展示場東7ホール,,,35.6335,139.799432
,東京都水的科學館,,,35.630875,139.785436
,ageHa,,,35.642242,139.825316
,亀戸天神社,,,35.70308,139.820651
